{
    "gcn": {
        "val_loss": 0.10465430468320847
    },
    "sage": {
        "val_loss": 0.06965184211730957
    },
    "gat": {
        "val_loss": 0.08171230554580688
    }
}